timestamp,study_name,trial,status,elapsed_sec,score,style_swd,content_ssim,w_style,w_structure,w_moment,w_identity,batch_size,num_epochs,trial_dir,train_log,trial_config,error
2026-02-19 23:02:56,ssim-latent_style_hpo-nce,0,completed,761.921,-1.78481586,1.43930473,0.30431391,99.88962852,143.10000290,149.07884894,602.67189936,50,1,I:\Github\Latent_Style\Cycle-NCE\ssim-optun-nce\trial_0000,I:\Github\Latent_Style\Cycle-NCE\ssim-optun-nce\trial_0000\train.log,I:\Github\Latent_Style\Cycle-NCE\ssim-optun-nce\trial_0000\config.trial.json,
2026-02-19 23:15:49,ssim-latent_style_hpo-nce,2,completed,196.638,-3.27279303,2.16529282,0.33924998,174.90802377,57.53571532,159.79909127,519.06093894,50,1,I:\Github\Latent_Style\Cycle-NCE\ssim-optun-nce\trial_0002,I:\Github\Latent_Style\Cycle-NCE\ssim-optun-nce\trial_0002\train.log,I:\Github\Latent_Style\Cycle-NCE\ssim-optun-nce\trial_0002\config.trial.json,
2026-02-19 23:19:06,ssim-latent_style_hpo-nce,3,completed,196.385,-3.69487902,2.70992897,0.35150499,131.20372809,17.79972602,58.71254183,706.32330204,50,1,I:\Github\Latent_Style\Cycle-NCE\ssim-optun-nce\trial_0003,I:\Github\Latent_Style\Cycle-NCE\ssim-optun-nce\trial_0003\train.log,I:\Github\Latent_Style\Cycle-NCE\ssim-optun-nce\trial_0003\config.trial.json,
2026-02-19 23:22:23,ssim-latent_style_hpo-nce,4,completed,196.997,-3.51057589,2.42291295,0.34123371,220.22300235,45.40362889,53.08767414,778.93689651,50,1,I:\Github\Latent_Style\Cycle-NCE\ssim-optun-nce\trial_0004,I:\Github\Latent_Style\Cycle-NCE\ssim-optun-nce\trial_0004\train.log,I:\Github\Latent_Style\Cycle-NCE\ssim-optun-nce\trial_0004\config.trial.json,
2026-02-19 23:28:28,ssim-latent_style_hpo-nce,6,completed,197.718,-3.13429052,1.88924216,0.32549516,174.90802377,57.53571532,159.79909127,519.06093894,50,1,I:\Github\Latent_Style\Cycle-NCE\ssim-optun-nce\trial_0006,I:\Github\Latent_Style\Cycle-NCE\ssim-optun-nce\trial_0006\train.log,I:\Github\Latent_Style\Cycle-NCE\ssim-optun-nce\trial_0006\config.trial.json,
2026-02-19 23:31:47,ssim-latent_style_hpo-nce,7,completed,198.992,-3.87582618,1.97920996,0.26033838,131.20372809,17.79972602,58.71254183,706.32330204,50,1,I:\Github\Latent_Style\Cycle-NCE\ssim-optun-nce\trial_0007,I:\Github\Latent_Style\Cycle-NCE\ssim-optun-nce\trial_0007\train.log,I:\Github\Latent_Style\Cycle-NCE\ssim-optun-nce\trial_0007\config.trial.json,
2026-02-19 23:35:53,ssim-latent_style_hpo-nce,9,completed,199.876,-3.14288878,1.89759919,0.32547104,174.90802377,57.53571532,159.79909127,519.06093894,50,1,I:\Github\Latent_Style\Cycle-NCE\ssim-optun-nce\trial_0009,I:\Github\Latent_Style\Cycle-NCE\ssim-optun-nce\trial_0009\train.log,I:\Github\Latent_Style\Cycle-NCE\ssim-optun-nce\trial_0009\config.trial.json,
2026-02-19 23:39:13,ssim-latent_style_hpo-nce,10,completed,200.468,-3.87373730,1.97728322,0.26035459,131.20372809,17.79972602,58.71254183,706.32330204,50,1,I:\Github\Latent_Style\Cycle-NCE\ssim-optun-nce\trial_0010,I:\Github\Latent_Style\Cycle-NCE\ssim-optun-nce\trial_0010\train.log,I:\Github\Latent_Style\Cycle-NCE\ssim-optun-nce\trial_0010\config.trial.json,
2026-02-19 23:42:33,ssim-latent_style_hpo-nce,11,completed,199.585,-2.19539602,1.89613511,0.42007391,220.22300235,45.40362889,53.08767414,778.93689651,50,1,I:\Github\Latent_Style\Cycle-NCE\ssim-optun-nce\trial_0011,I:\Github\Latent_Style\Cycle-NCE\ssim-optun-nce\trial_0011\train.log,I:\Github\Latent_Style\Cycle-NCE\ssim-optun-nce\trial_0011\config.trial.json,
2026-02-19 23:45:52,ssim-latent_style_hpo-nce,12,completed,199.245,-2.92403008,1.74177676,0.33177467,266.48852816,20.61695553,77.27374508,228.38315690,50,1,I:\Github\Latent_Style\Cycle-NCE\ssim-optun-nce\trial_0012,I:\Github\Latent_Style\Cycle-NCE\ssim-optun-nce\trial_0012\train.log,I:\Github\Latent_Style\Cycle-NCE\ssim-optun-nce\trial_0012\config.trial.json,
2026-02-19 23:49:10,ssim-latent_style_hpo-nce,13,completed,197.338,-2.77552442,1.89401009,0.36184857,104.11534283,33.66636607,195.43056662,332.70364245,50,1,I:\Github\Latent_Style\Cycle-NCE\ssim-optun-nce\trial_0013,I:\Github\Latent_Style\Cycle-NCE\ssim-optun-nce\trial_0013\train.log,I:\Github\Latent_Style\Cycle-NCE\ssim-optun-nce\trial_0013\config.trial.json,
2026-02-19 23:52:26,ssim-latent_style_hpo-nce,14,completed,196.113,-2.40733665,1.71344491,0.38061083,235.04439027,40.24199377,109.60654731,599.52529495,50,1,I:\Github\Latent_Style\Cycle-NCE\ssim-optun-nce\trial_0014,I:\Github\Latent_Style\Cycle-NCE\ssim-optun-nce\trial_0014\train.log,I:\Github\Latent_Style\Cycle-NCE\ssim-optun-nce\trial_0014\config.trial.json,
2026-02-19 23:55:43,ssim-latent_style_hpo-nce,15,completed,197.298,-3.37460164,2.01422305,0.31396214,289.39237528,28.98021217,119.71525746,385.05754899,50,1,I:\Github\Latent_Style\Cycle-NCE\ssim-optun-nce\trial_0015,I:\Github\Latent_Style\Cycle-NCE\ssim-optun-nce\trial_0015\train.log,I:\Github\Latent_Style\Cycle-NCE\ssim-optun-nce\trial_0015\config.trial.json,
2026-02-19 23:59:00,ssim-latent_style_hpo-nce,16,completed,196.387,-2.32021463,1.74860710,0.39283925,238.50653007,49.00404309,101.37739906,623.03967049,50,1,I:\Github\Latent_Style\Cycle-NCE\ssim-optun-nce\trial_0016,I:\Github\Latent_Style\Cycle-NCE\ssim-optun-nce\trial_0016\train.log,I:\Github\Latent_Style\Cycle-NCE\ssim-optun-nce\trial_0016\config.trial.json,
2026-02-20 00:02:16,ssim-latent_style_hpo-nce,17,completed,196.137,-2.80988997,1.89164663,0.35817567,198.46908255,10.78719558,138.31472475,779.21863811,50,1,I:\Github\Latent_Style\Cycle-NCE\ssim-optun-nce\trial_0017,I:\Github\Latent_Style\Cycle-NCE\ssim-optun-nce\trial_0017\train.log,I:\Github\Latent_Style\Cycle-NCE\ssim-optun-nce\trial_0017\config.trial.json,
2026-02-20 00:05:32,ssim-latent_style_hpo-nce,18,completed,196.416,-2.69089165,1.78594614,0.35950545,202.62408425,49.54178991,88.79524964,599.27067351,50,1,I:\Github\Latent_Style\Cycle-NCE\ssim-optun-nce\trial_0018,I:\Github\Latent_Style\Cycle-NCE\ssim-optun-nce\trial_0018\train.log,I:\Github\Latent_Style\Cycle-NCE\ssim-optun-nce\trial_0018\config.trial.json,
2026-02-20 00:08:50,ssim-latent_style_hpo-nce,19,completed,197.503,-2.80689881,1.75690410,0.34500053,261.95674703,29.83873474,197.27262035,797.21157222,50,1,I:\Github\Latent_Style\Cycle-NCE\ssim-optun-nce\trial_0019,I:\Github\Latent_Style\Cycle-NCE\ssim-optun-nce\trial_0019\train.log,I:\Github\Latent_Style\Cycle-NCE\ssim-optun-nce\trial_0019\config.trial.json,
2026-02-20 00:12:07,ssim-latent_style_hpo-nce,20,completed,196.481,-3.10475842,1.69050662,0.30857482,157.28438070,42.81590947,136.04630755,175.30627700,50,1,I:\Github\Latent_Style\Cycle-NCE\ssim-optun-nce\trial_0020,I:\Github\Latent_Style\Cycle-NCE\ssim-optun-nce\trial_0020\train.log,I:\Github\Latent_Style\Cycle-NCE\ssim-optun-nce\trial_0020\config.trial.json,
2026-02-20 00:15:23,ssim-latent_style_hpo-nce,21,completed,196.496,-3.10368274,2.12048426,0.35168015,105.10989896,52.17975273,176.59701526,654.83224476,50,1,I:\Github\Latent_Style\Cycle-NCE\ssim-optun-nce\trial_0021,I:\Github\Latent_Style\Cycle-NCE\ssim-optun-nce\trial_0021\train.log,I:\Github\Latent_Style\Cycle-NCE\ssim-optun-nce\trial_0021\config.trial.json,
2026-02-20 00:18:40,ssim-latent_style_hpo-nce,22,completed,196.519,-2.76712758,1.89383643,0.36267088,204.62915921,35.43132089,130.07715238,414.68888644,50,1,I:\Github\Latent_Style\Cycle-NCE\ssim-optun-nce\trial_0022,I:\Github\Latent_Style\Cycle-NCE\ssim-optun-nce\trial_0022\train.log,I:\Github\Latent_Style\Cycle-NCE\ssim-optun-nce\trial_0022\config.trial.json,
2026-02-20 00:21:56,ssim-latent_style_hpo-nce,23,completed,196.384,-3.14022211,1.95554707,0.33153250,299.31480446,24.46926912,147.16886562,305.96912031,50,1,I:\Github\Latent_Style\Cycle-NCE\ssim-optun-nce\trial_0023,I:\Github\Latent_Style\Cycle-NCE\ssim-optun-nce\trial_0023\train.log,I:\Github\Latent_Style\Cycle-NCE\ssim-optun-nce\trial_0023\config.trial.json,
2026-02-20 00:25:13,ssim-latent_style_hpo-nce,24,completed,197.078,-2.49622497,1.73889899,0.37426740,240.98541652,50.28601463,98.29036268,603.66917479,50,1,I:\Github\Latent_Style\Cycle-NCE\ssim-optun-nce\trial_0024,I:\Github\Latent_Style\Cycle-NCE\ssim-optun-nce\trial_0024\train.log,I:\Github\Latent_Style\Cycle-NCE\ssim-optun-nce\trial_0024\config.trial.json,
2026-02-20 00:28:30,ssim-latent_style_hpo-nce,25,completed,195.992,-3.52904644,2.12717338,0.30981269,251.47797480,38.29065801,75.21990629,465.05127581,50,1,I:\Github\Latent_Style\Cycle-NCE\ssim-optun-nce\trial_0025,I:\Github\Latent_Style\Cycle-NCE\ssim-optun-nce\trial_0025\train.log,I:\Github\Latent_Style\Cycle-NCE\ssim-optun-nce\trial_0025\config.trial.json,
2026-02-20 00:31:46,ssim-latent_style_hpo-nce,26,completed,196.340,-2.41203449,1.74368767,0.38316532,234.10902852,46.11409838,111.84659508,649.84583910,50,1,I:\Github\Latent_Style\Cycle-NCE\ssim-optun-nce\trial_0026,I:\Github\Latent_Style\Cycle-NCE\ssim-optun-nce\trial_0026\train.log,I:\Github\Latent_Style\Cycle-NCE\ssim-optun-nce\trial_0026\config.trial.json,
2026-02-20 00:35:03,ssim-latent_style_hpo-nce,27,completed,196.581,-2.39188691,1.67573222,0.37838453,216.56672106,51.80364074,75.55532123,664.91384494,50,1,I:\Github\Latent_Style\Cycle-NCE\ssim-optun-nce\trial_0027,I:\Github\Latent_Style\Cycle-NCE\ssim-optun-nce\trial_0027\train.log,I:\Github\Latent_Style\Cycle-NCE\ssim-optun-nce\trial_0027\config.trial.json,
2026-02-20 00:38:20,ssim-latent_style_hpo-nce,28,completed,197.135,-3.14318645,2.12740823,0.34842218,279.18125748,59.52096103,99.91362654,547.49974488,50,1,I:\Github\Latent_Style\Cycle-NCE\ssim-optun-nce\trial_0028,I:\Github\Latent_Style\Cycle-NCE\ssim-optun-nce\trial_0028\train.log,I:\Github\Latent_Style\Cycle-NCE\ssim-optun-nce\trial_0028\config.trial.json,
2026-02-20 00:41:37,ssim-latent_style_hpo-nce,29,completed,196.859,-2.41469084,1.79144267,0.38767518,187.39906762,11.36080219,178.55808660,735.50644953,50,1,I:\Github\Latent_Style\Cycle-NCE\ssim-optun-nce\trial_0029,I:\Github\Latent_Style\Cycle-NCE\ssim-optun-nce\trial_0029\train.log,I:\Github\Latent_Style\Cycle-NCE\ssim-optun-nce\trial_0029\config.trial.json,
2026-02-20 00:44:54,ssim-latent_style_hpo-nce,30,completed,196.813,-2.44226083,1.72908296,0.37868221,224.74237322,54.10733412,88.24845130,469.35342801,50,1,I:\Github\Latent_Style\Cycle-NCE\ssim-optun-nce\trial_0030,I:\Github\Latent_Style\Cycle-NCE\ssim-optun-nce\trial_0030\train.log,I:\Github\Latent_Style\Cycle-NCE\ssim-optun-nce\trial_0030\config.trial.json,
2026-02-20 00:48:11,ssim-latent_style_hpo-nce,31,completed,196.989,-3.05993617,1.78445185,0.32245157,158.72705666,45.42826434,122.70956208,572.17019028,50,1,I:\Github\Latent_Style\Cycle-NCE\ssim-optun-nce\trial_0031,I:\Github\Latent_Style\Cycle-NCE\ssim-optun-nce\trial_0031\train.log,I:\Github\Latent_Style\Cycle-NCE\ssim-optun-nce\trial_0031\config.trial.json,
2026-02-20 00:51:27,ssim-latent_style_hpo-nce,32,completed,196.677,-2.82763006,1.81341661,0.34857866,252.35514940,39.57588355,147.93270040,653.74374188,50,1,I:\Github\Latent_Style\Cycle-NCE\ssim-optun-nce\trial_0032,I:\Github\Latent_Style\Cycle-NCE\ssim-optun-nce\trial_0032\train.log,I:\Github\Latent_Style\Cycle-NCE\ssim-optun-nce\trial_0032\config.trial.json,
2026-02-20 00:54:45,ssim-latent_style_hpo-nce,33,completed,197.271,-2.55735282,1.69190392,0.36345511,152.46976690,32.69913240,173.69483383,735.51408885,50,1,I:\Github\Latent_Style\Cycle-NCE\ssim-optun-nce\trial_0033,I:\Github\Latent_Style\Cycle-NCE\ssim-optun-nce\trial_0033\train.log,I:\Github\Latent_Style\Cycle-NCE\ssim-optun-nce\trial_0033\config.trial.json,
2026-02-20 00:58:02,ssim-latent_style_hpo-nce,34,completed,196.816,-2.58246799,1.87616657,0.37936986,215.47574247,54.88387023,72.75416668,646.30419060,50,1,I:\Github\Latent_Style\Cycle-NCE\ssim-optun-nce\trial_0034,I:\Github\Latent_Style\Cycle-NCE\ssim-optun-nce\trial_0034\train.log,I:\Github\Latent_Style\Cycle-NCE\ssim-optun-nce\trial_0034\config.trial.json,
2026-02-20 01:01:18,ssim-latent_style_hpo-nce,35,completed,196.610,-2.33762725,1.80427047,0.39666432,211.55805594,49.84068039,69.03875336,633.12040382,50,1,I:\Github\Latent_Style\Cycle-NCE\ssim-optun-nce\trial_0035,I:\Github\Latent_Style\Cycle-NCE\ssim-optun-nce\trial_0035\train.log,I:\Github\Latent_Style\Cycle-NCE\ssim-optun-nce\trial_0035\config.trial.json,
2026-02-20 01:04:35,ssim-latent_style_hpo-nce,36,completed,196.784,-2.72719502,1.89738131,0.36701863,186.02525274,46.45651209,66.27039351,732.45623132,50,1,I:\Github\Latent_Style\Cycle-NCE\ssim-optun-nce\trial_0036,I:\Github\Latent_Style\Cycle-NCE\ssim-optun-nce\trial_0036\train.log,I:\Github\Latent_Style\Cycle-NCE\ssim-optun-nce\trial_0036\config.trial.json,
2026-02-20 01:07:52,ssim-latent_style_hpo-nce,37,completed,196.673,-2.64931407,1.61187445,0.34625604,222.74260519,42.72366781,63.81104481,508.73213073,50,1,I:\Github\Latent_Style\Cycle-NCE\ssim-optun-nce\trial_0037,I:\Github\Latent_Style\Cycle-NCE\ssim-optun-nce\trial_0037\train.log,I:\Github\Latent_Style\Cycle-NCE\ssim-optun-nce\trial_0037\config.trial.json,
2026-02-20 01:11:09,ssim-latent_style_hpo-nce,38,completed,196.774,-3.33255749,2.08294478,0.32503873,246.38338856,48.83009995,84.27165741,565.24854738,50,1,I:\Github\Latent_Style\Cycle-NCE\ssim-optun-nce\trial_0038,I:\Github\Latent_Style\Cycle-NCE\ssim-optun-nce\trial_0038\train.log,I:\Github\Latent_Style\Cycle-NCE\ssim-optun-nce\trial_0038\config.trial.json,
2026-02-20 01:14:26,ssim-latent_style_hpo-nce,39,completed,196.737,-2.58303109,1.86774078,0.37847097,190.91759345,54.86767770,52.60376053,679.90321560,50,1,I:\Github\Latent_Style\Cycle-NCE\ssim-optun-nce\trial_0039,I:\Github\Latent_Style\Cycle-NCE\ssim-optun-nce\trial_0039\train.log,I:\Github\Latent_Style\Cycle-NCE\ssim-optun-nce\trial_0039\config.trial.json,
2026-02-20 01:17:42,ssim-latent_style_hpo-nce,40,completed,196.699,-2.29993390,1.76631811,0.39663842,210.96117105,58.48024319,96.31993690,622.46130810,50,1,I:\Github\Latent_Style\Cycle-NCE\ssim-optun-nce\trial_0040,I:\Github\Latent_Style\Cycle-NCE\ssim-optun-nce\trial_0040\train.log,I:\Github\Latent_Style\Cycle-NCE\ssim-optun-nce\trial_0040\config.trial.json,
2026-02-20 01:20:59,ssim-latent_style_hpo-nce,41,completed,196.547,-2.88130751,1.83189947,0.34505920,171.77785392,59.08957004,102.25475899,498.96177896,50,1,I:\Github\Latent_Style\Cycle-NCE\ssim-optun-nce\trial_0041,I:\Github\Latent_Style\Cycle-NCE\ssim-optun-nce\trial_0041\train.log,I:\Github\Latent_Style\Cycle-NCE\ssim-optun-nce\trial_0041\config.trial.json,
2026-02-20 01:24:17,ssim-latent_style_hpo-nce,42,completed,198.073,-2.91427199,1.78552280,0.33712508,228.04425073,37.57571634,160.02171466,703.99261153,50,1,I:\Github\Latent_Style\Cycle-NCE\ssim-optun-nce\trial_0042,I:\Github\Latent_Style\Cycle-NCE\ssim-optun-nce\trial_0042\train.log,I:\Github\Latent_Style\Cycle-NCE\ssim-optun-nce\trial_0042\config.trial.json,
2026-02-20 01:27:34,ssim-latent_style_hpo-nce,43,completed,196.552,-3.13787120,1.88896404,0.32510928,140.51004585,42.77758148,107.64976771,421.27080300,50,1,I:\Github\Latent_Style\Cycle-NCE\ssim-optun-nce\trial_0043,I:\Github\Latent_Style\Cycle-NCE\ssim-optun-nce\trial_0043\train.log,I:\Github\Latent_Style\Cycle-NCE\ssim-optun-nce\trial_0043\config.trial.json,
2026-02-20 01:30:51,ssim-latent_style_hpo-nce,44,completed,196.954,-2.26982399,1.78868077,0.40188568,210.85638803,47.55441255,93.29298067,599.03136977,50,1,I:\Github\Latent_Style\Cycle-NCE\ssim-optun-nce\trial_0044,I:\Github\Latent_Style\Cycle-NCE\ssim-optun-nce\trial_0044\train.log,I:\Github\Latent_Style\Cycle-NCE\ssim-optun-nce\trial_0044\config.trial.json,
2026-02-20 01:34:08,ssim-latent_style_hpo-nce,45,completed,196.846,-2.63371539,2.00147318,0.38677578,113.96362862,56.30815227,94.40516898,541.63180275,50,1,I:\Github\Latent_Style\Cycle-NCE\ssim-optun-nce\trial_0045,I:\Github\Latent_Style\Cycle-NCE\ssim-optun-nce\trial_0045\train.log,I:\Github\Latent_Style\Cycle-NCE\ssim-optun-nce\trial_0045\config.trial.json,
2026-02-20 01:37:24,ssim-latent_style_hpo-nce,46,completed,196.441,-2.33290554,1.82231424,0.39894087,205.31877521,47.70634003,113.42702946,602.57560613,50,1,I:\Github\Latent_Style\Cycle-NCE\ssim-optun-nce\trial_0046,I:\Github\Latent_Style\Cycle-NCE\ssim-optun-nce\trial_0046\train.log,I:\Github\Latent_Style\Cycle-NCE\ssim-optun-nce\trial_0046\config.trial.json,
2026-02-20 01:40:41,ssim-latent_style_hpo-nce,47,completed,196.847,-2.45127484,1.60151636,0.36502415,231.17081069,43.20991708,82.70969454,760.50329695,50,1,I:\Github\Latent_Style\Cycle-NCE\ssim-optun-nce\trial_0047,I:\Github\Latent_Style\Cycle-NCE\ssim-optun-nce\trial_0047\train.log,I:\Github\Latent_Style\Cycle-NCE\ssim-optun-nce\trial_0047\config.trial.json,
2026-02-20 01:43:58,ssim-latent_style_hpo-nce,48,completed,196.644,-2.86575926,1.76776733,0.34020081,265.83770381,24.63567921,117.63278327,690.83185339,50,1,I:\Github\Latent_Style\Cycle-NCE\ssim-optun-nce\trial_0048,I:\Github\Latent_Style\Cycle-NCE\ssim-optun-nce\trial_0048\train.log,I:\Github\Latent_Style\Cycle-NCE\ssim-optun-nce\trial_0048\config.trial.json,
2026-02-20 01:47:15,ssim-latent_style_hpo-nce,49,completed,196.811,-2.86736818,2.06902621,0.37016580,192.81020429,53.16126668,128.92457786,621.19810834,50,1,I:\Github\Latent_Style\Cycle-NCE\ssim-optun-nce\trial_0049,I:\Github\Latent_Style\Cycle-NCE\ssim-optun-nce\trial_0049\train.log,I:\Github\Latent_Style\Cycle-NCE\ssim-optun-nce\trial_0049\config.trial.json,
2026-02-20 01:50:32,ssim-latent_style_hpo-nce,50,completed,196.591,-2.32284233,1.79744237,0.39746000,210.05109150,36.41832691,93.23266703,568.95147777,50,1,I:\Github\Latent_Style\Cycle-NCE\ssim-optun-nce\trial_0050,I:\Github\Latent_Style\Cycle-NCE\ssim-optun-nce\trial_0050\train.log,I:\Github\Latent_Style\Cycle-NCE\ssim-optun-nce\trial_0050\config.trial.json,
2026-02-20 01:53:49,ssim-latent_style_hpo-nce,51,completed,197.502,-2.50945432,1.57143646,0.35619821,240.20772647,31.68527672,59.32486817,776.93203073,50,1,I:\Github\Latent_Style\Cycle-NCE\ssim-optun-nce\trial_0051,I:\Github\Latent_Style\Cycle-NCE\ssim-optun-nce\trial_0051\train.log,I:\Github\Latent_Style\Cycle-NCE\ssim-optun-nce\trial_0051\config.trial.json,
2026-02-20 01:57:06,ssim-latent_style_hpo-nce,52,completed,196.938,-2.73504313,1.89236953,0.36573264,180.96995402,41.50022864,152.47759474,352.55273443,50,1,I:\Github\Latent_Style\Cycle-NCE\ssim-optun-nce\trial_0052,I:\Github\Latent_Style\Cycle-NCE\ssim-optun-nce\trial_0052\train.log,I:\Github\Latent_Style\Cycle-NCE\ssim-optun-nce\trial_0052\config.trial.json,
2026-02-20 02:00:23,ssim-latent_style_hpo-nce,53,completed,196.408,-2.98749727,1.66271303,0.31752158,169.51850333,57.50425727,103.97164507,110.34684362,50,1,I:\Github\Latent_Style\Cycle-NCE\ssim-optun-nce\trial_0053,I:\Github\Latent_Style\Cycle-NCE\ssim-optun-nce\trial_0053\train.log,I:\Github\Latent_Style\Cycle-NCE\ssim-optun-nce\trial_0053\config.trial.json,
2026-02-20 02:03:40,ssim-latent_style_hpo-nce,54,completed,196.831,-2.37099522,1.76077523,0.38897800,209.55850543,35.79728619,94.05351419,575.35045832,50,1,I:\Github\Latent_Style\Cycle-NCE\ssim-optun-nce\trial_0054,I:\Github\Latent_Style\Cycle-NCE\ssim-optun-nce\trial_0054\train.log,I:\Github\Latent_Style\Cycle-NCE\ssim-optun-nce\trial_0054\config.trial.json,
2026-02-20 02:06:56,ssim-latent_style_hpo-nce,55,completed,196.268,-2.33271730,1.80384618,0.39711289,197.31133754,25.91407010,92.14823557,533.17623720,50,1,I:\Github\Latent_Style\Cycle-NCE\ssim-optun-nce\trial_0055,I:\Github\Latent_Style\Cycle-NCE\ssim-optun-nce\trial_0055\train.log,I:\Github\Latent_Style\Cycle-NCE\ssim-optun-nce\trial_0055\config.trial.json,
2026-02-20 02:10:13,ssim-latent_style_hpo-nce,56,completed,197.201,-2.85880240,1.51733821,0.31585358,220.10633106,19.38241184,82.59310879,488.35650780,50,1,I:\Github\Latent_Style\Cycle-NCE\ssim-optun-nce\trial_0056,I:\Github\Latent_Style\Cycle-NCE\ssim-optun-nce\trial_0056\train.log,I:\Github\Latent_Style\Cycle-NCE\ssim-optun-nce\trial_0056\config.trial.json,
2026-02-20 02:13:30,ssim-latent_style_hpo-nce,57,completed,196.639,-3.14488620,2.12004697,0.34751608,198.01790840,44.56775916,133.98199059,620.68007213,50,1,I:\Github\Latent_Style\Cycle-NCE\ssim-optun-nce\trial_0057,I:\Github\Latent_Style\Cycle-NCE\ssim-optun-nce\trial_0057\train.log,I:\Github\Latent_Style\Cycle-NCE\ssim-optun-nce\trial_0057\config.trial.json,
2026-02-20 02:16:47,ssim-latent_style_hpo-nce,58,completed,196.963,-2.32853093,1.76514794,0.39366170,209.89896599,28.07902301,117.29010608,573.95642440,50,1,I:\Github\Latent_Style\Cycle-NCE\ssim-optun-nce\trial_0058,I:\Github\Latent_Style\Cycle-NCE\ssim-optun-nce\trial_0058\train.log,I:\Github\Latent_Style\Cycle-NCE\ssim-optun-nce\trial_0058\config.trial.json,
2026-02-20 02:20:04,ssim-latent_style_hpo-nce,59,completed,196.910,-2.36219990,1.67943054,0.38172306,233.45190433,51.01320729,106.00669976,598.09519569,50,1,I:\Github\Latent_Style\Cycle-NCE\ssim-optun-nce\trial_0059,I:\Github\Latent_Style\Cycle-NCE\ssim-optun-nce\trial_0059\train.log,I:\Github\Latent_Style\Cycle-NCE\ssim-optun-nce\trial_0059\config.trial.json,
2026-02-20 02:23:21,ssim-latent_style_hpo-nce,60,completed,197.081,-2.82584339,1.80293848,0.34770951,255.74194417,15.67396320,142.89590177,667.59013050,50,1,I:\Github\Latent_Style\Cycle-NCE\ssim-optun-nce\trial_0060,I:\Github\Latent_Style\Cycle-NCE\ssim-optun-nce\trial_0060\train.log,I:\Github\Latent_Style\Cycle-NCE\ssim-optun-nce\trial_0060\config.trial.json,
2026-02-20 02:26:39,ssim-latent_style_hpo-nce,61,completed,197.552,-3.42526266,2.06695738,0.31416947,245.11664568,47.79123650,125.92778975,429.52856932,50,1,I:\Github\Latent_Style\Cycle-NCE\ssim-optun-nce\trial_0061,I:\Github\Latent_Style\Cycle-NCE\ssim-optun-nce\trial_0061\train.log,I:\Github\Latent_Style\Cycle-NCE\ssim-optun-nce\trial_0061\config.trial.json,
2026-02-20 02:29:55,ssim-latent_style_hpo-nce,62,completed,196.627,-2.33546416,1.79008571,0.39546216,218.09269324,36.77608994,80.01229804,549.30299076,50,1,I:\Github\Latent_Style\Cycle-NCE\ssim-optun-nce\trial_0062,I:\Github\Latent_Style\Cycle-NCE\ssim-optun-nce\trial_0062\train.log,I:\Github\Latent_Style\Cycle-NCE\ssim-optun-nce\trial_0062\config.trial.json,
2026-02-20 02:33:12,ssim-latent_style_hpo-nce,63,completed,196.436,-3.20411123,1.89069616,0.31865849,226.22940211,39.91544938,87.36253553,714.96369941,50,1,I:\Github\Latent_Style\Cycle-NCE\ssim-optun-nce\trial_0063,I:\Github\Latent_Style\Cycle-NCE\ssim-optun-nce\trial_0063\train.log,I:\Github\Latent_Style\Cycle-NCE\ssim-optun-nce\trial_0063\config.trial.json,
2026-02-20 02:36:29,ssim-latent_style_hpo-nce,64,completed,196.916,-2.44773414,1.77512579,0.38273917,209.56334163,28.78996555,117.09855225,579.60206018,50,1,I:\Github\Latent_Style\Cycle-NCE\ssim-optun-nce\trial_0064,I:\Github\Latent_Style\Cycle-NCE\ssim-optun-nce\trial_0064\train.log,I:\Github\Latent_Style\Cycle-NCE\ssim-optun-nce\trial_0064\config.trial.json,
2026-02-20 02:39:46,ssim-latent_style_hpo-nce,65,completed,196.882,-2.63697510,1.57273530,0.34357602,200.28537597,30.50875619,96.87283470,514.73888848,50,1,I:\Github\Latent_Style\Cycle-NCE\ssim-optun-nce\trial_0065,I:\Github\Latent_Style\Cycle-NCE\ssim-optun-nce\trial_0065\train.log,I:\Github\Latent_Style\Cycle-NCE\ssim-optun-nce\trial_0065\config.trial.json,
2026-02-20 02:43:03,ssim-latent_style_hpo-nce,66,completed,196.884,-2.78147183,1.69190678,0.34104350,119.40182165,27.07742491,111.31449736,636.54318711,50,1,I:\Github\Latent_Style\Cycle-NCE\ssim-optun-nce\trial_0066,I:\Github\Latent_Style\Cycle-NCE\ssim-optun-nce\trial_0066\train.log,I:\Github\Latent_Style\Cycle-NCE\ssim-optun-nce\trial_0066\config.trial.json,
2026-02-20 02:46:20,ssim-latent_style_hpo-nce,67,completed,196.828,-2.50581600,1.82860725,0.38227912,238.42139682,44.45890594,101.15983388,585.95896612,50,1,I:\Github\Latent_Style\Cycle-NCE\ssim-optun-nce\trial_0067,I:\Github\Latent_Style\Cycle-NCE\ssim-optun-nce\trial_0067\train.log,I:\Github\Latent_Style\Cycle-NCE\ssim-optun-nce\trial_0067\config.trial.json,
2026-02-20 02:49:37,ssim-latent_style_hpo-nce,68,completed,196.715,-3.02555246,1.62261583,0.30970634,205.54634843,34.66053721,121.47259046,262.85515142,50,1,I:\Github\Latent_Style\Cycle-NCE\ssim-optun-nce\trial_0068,I:\Github\Latent_Style\Cycle-NCE\ssim-optun-nce\trial_0068\train.log,I:\Github\Latent_Style\Cycle-NCE\ssim-optun-nce\trial_0068\config.trial.json,
2026-02-20 02:52:53,ssim-latent_style_hpo-nce,69,completed,196.771,-2.94729379,1.79419299,0.33468992,180.47364644,14.38191320,169.78818147,613.59344770,50,1,I:\Github\Latent_Style\Cycle-NCE\ssim-optun-nce\trial_0069,I:\Github\Latent_Style\Cycle-NCE\ssim-optun-nce\trial_0069\train.log,I:\Github\Latent_Style\Cycle-NCE\ssim-optun-nce\trial_0069\config.trial.json,
2026-02-20 02:56:11,ssim-latent_style_hpo-nce,70,completed,197.709,-2.58298398,1.86170767,0.37787237,213.77998632,21.03026262,90.78834467,476.24152963,50,1,I:\Github\Latent_Style\Cycle-NCE\ssim-optun-nce\trial_0070,I:\Github\Latent_Style\Cycle-NCE\ssim-optun-nce\trial_0070\train.log,I:\Github\Latent_Style\Cycle-NCE\ssim-optun-nce\trial_0070\config.trial.json,
2026-02-20 02:59:28,ssim-latent_style_hpo-nce,71,completed,196.274,-2.51732549,1.83638125,0.38190558,221.13568283,33.82732162,116.43972688,551.93762523,50,1,I:\Github\Latent_Style\Cycle-NCE\ssim-optun-nce\trial_0071,I:\Github\Latent_Style\Cycle-NCE\ssim-optun-nce\trial_0071\train.log,I:\Github\Latent_Style\Cycle-NCE\ssim-optun-nce\trial_0071\config.trial.json,
2026-02-20 03:02:45,ssim-latent_style_hpo-nce,72,completed,196.907,-2.59713456,1.67551414,0.35783796,228.54187578,47.66425996,108.82085842,799.85482067,50,1,I:\Github\Latent_Style\Cycle-NCE\ssim-optun-nce\trial_0072,I:\Github\Latent_Style\Cycle-NCE\ssim-optun-nce\trial_0072\train.log,I:\Github\Latent_Style\Cycle-NCE\ssim-optun-nce\trial_0072\config.trial.json,
2026-02-20 03:06:01,ssim-latent_style_hpo-nce,73,completed,196.619,-2.57227446,1.73127223,0.36589978,207.29297263,22.49976547,182.48371404,677.23608726,50,1,I:\Github\Latent_Style\Cycle-NCE\ssim-optun-nce\trial_0073,I:\Github\Latent_Style\Cycle-NCE\ssim-optun-nce\trial_0073\train.log,I:\Github\Latent_Style\Cycle-NCE\ssim-optun-nce\trial_0073\config.trial.json,
2026-02-20 03:09:18,ssim-latent_style_hpo-nce,74,completed,196.438,-2.48292995,1.70067655,0.37177466,196.18521737,25.89710666,95.72200814,525.34218340,50,1,I:\Github\Latent_Style\Cycle-NCE\ssim-optun-nce\trial_0074,I:\Github\Latent_Style\Cycle-NCE\ssim-optun-nce\trial_0074\train.log,I:\Github\Latent_Style\Cycle-NCE\ssim-optun-nce\trial_0074\config.trial.json,
2026-02-20 03:12:35,ssim-latent_style_hpo-nce,75,completed,196.805,-2.92242478,1.79536106,0.33729363,140.24887103,27.56264873,90.99091922,534.96053780,50,1,I:\Github\Latent_Style\Cycle-NCE\ssim-optun-nce\trial_0075,I:\Github\Latent_Style\Cycle-NCE\ssim-optun-nce\trial_0075\train.log,I:\Github\Latent_Style\Cycle-NCE\ssim-optun-nce\trial_0075\config.trial.json,
2026-02-20 03:15:52,ssim-latent_style_hpo-nce,76,completed,196.926,-2.59128105,1.77657576,0.36852947,215.11888796,22.28464292,78.09703506,450.88980756,50,1,I:\Github\Latent_Style\Cycle-NCE\ssim-optun-nce\trial_0076,I:\Github\Latent_Style\Cycle-NCE\ssim-optun-nce\trial_0076\train.log,I:\Github\Latent_Style\Cycle-NCE\ssim-optun-nce\trial_0076\config.trial.json,
2026-02-20 03:19:08,ssim-latent_style_hpo-nce,77,completed,196.648,-3.14443992,2.10717837,0.34627385,281.28768192,38.85065411,100.03154800,563.39288039,50,1,I:\Github\Latent_Style\Cycle-NCE\ssim-optun-nce\trial_0077,I:\Github\Latent_Style\Cycle-NCE\ssim-optun-nce\trial_0077\train.log,I:\Github\Latent_Style\Cycle-NCE\ssim-optun-nce\trial_0077\config.trial.json,
2026-02-20 03:22:26,ssim-latent_style_hpo-nce,78,completed,197.063,-2.21720583,1.64965467,0.39324488,201.68268265,41.37466665,92.42448762,589.61576825,50,1,I:\Github\Latent_Style\Cycle-NCE\ssim-optun-nce\trial_0078,I:\Github\Latent_Style\Cycle-NCE\ssim-optun-nce\trial_0078\train.log,I:\Github\Latent_Style\Cycle-NCE\ssim-optun-nce\trial_0078\config.trial.json,
2026-02-20 03:25:43,ssim-latent_style_hpo-nce,79,completed,197.286,-2.51231852,1.81421554,0.38018970,188.01779829,40.58427395,72.53954822,644.03245654,50,1,I:\Github\Latent_Style\Cycle-NCE\ssim-optun-nce\trial_0079,I:\Github\Latent_Style\Cycle-NCE\ssim-optun-nce\trial_0079\train.log,I:\Github\Latent_Style\Cycle-NCE\ssim-optun-nce\trial_0079\config.trial.json,
2026-02-20 03:29:00,ssim-latent_style_hpo-nce,80,completed,196.785,-2.48690061,1.72363945,0.37367388,203.52826025,46.52019537,50.32188846,625.05275147,50,1,I:\Github\Latent_Style\Cycle-NCE\ssim-optun-nce\trial_0080,I:\Github\Latent_Style\Cycle-NCE\ssim-optun-nce\trial_0080\train.log,I:\Github\Latent_Style\Cycle-NCE\ssim-optun-nce\trial_0080\config.trial.json,
2026-02-20 03:32:17,ssim-latent_style_hpo-nce,81,completed,196.721,-2.94720094,2.09764218,0.36504412,178.80635232,44.28180844,59.83818012,591.69662035,50,1,I:\Github\Latent_Style\Cycle-NCE\ssim-optun-nce\trial_0081,I:\Github\Latent_Style\Cycle-NCE\ssim-optun-nce\trial_0081\train.log,I:\Github\Latent_Style\Cycle-NCE\ssim-optun-nce\trial_0081\config.trial.json,
2026-02-20 03:35:33,ssim-latent_style_hpo-nce,82,completed,196.725,-2.83517541,1.79604889,0.34608735,223.04256816,41.06843253,84.81935562,694.96520032,50,1,I:\Github\Latent_Style\Cycle-NCE\ssim-optun-nce\trial_0082,I:\Github\Latent_Style\Cycle-NCE\ssim-optun-nce\trial_0082\train.log,I:\Github\Latent_Style\Cycle-NCE\ssim-optun-nce\trial_0082\config.trial.json,
2026-02-20 03:38:50,ssim-latent_style_hpo-nce,83,completed,196.611,-2.47015545,1.74863030,0.37784749,212.13150123,52.80083012,104.93399725,661.63340342,50,1,I:\Github\Latent_Style\Cycle-NCE\ssim-optun-nce\trial_0083,I:\Github\Latent_Style\Cycle-NCE\ssim-optun-nce\trial_0083\train.log,I:\Github\Latent_Style\Cycle-NCE\ssim-optun-nce\trial_0083\config.trial.json,
2026-02-20 03:42:07,ssim-latent_style_hpo-nce,84,completed,196.449,-3.15446339,1.82504103,0.31705776,164.34334988,32.18851437,91.81467217,527.58730239,50,1,I:\Github\Latent_Style\Cycle-NCE\ssim-optun-nce\trial_0084,I:\Github\Latent_Style\Cycle-NCE\ssim-optun-nce\trial_0084\train.log,I:\Github\Latent_Style\Cycle-NCE\ssim-optun-nce\trial_0084\config.trial.json,
2026-02-20 03:45:23,ssim-latent_style_hpo-nce,85,completed,196.755,-2.97148793,2.07645478,0.36049668,191.99704551,37.23891193,98.45650982,562.75005161,50,1,I:\Github\Latent_Style\Cycle-NCE\ssim-optun-nce\trial_0085,I:\Github\Latent_Style\Cycle-NCE\ssim-optun-nce\trial_0085\train.log,I:\Github\Latent_Style\Cycle-NCE\ssim-optun-nce\trial_0085\config.trial.json,
2026-02-20 03:48:40,ssim-latent_style_hpo-nce,86,completed,196.755,-2.58311853,1.91798885,0.38348703,197.03037895,48.95159541,86.19634352,609.44341657,50,1,I:\Github\Latent_Style\Cycle-NCE\ssim-optun-nce\trial_0086,I:\Github\Latent_Style\Cycle-NCE\ssim-optun-nce\trial_0086\train.log,I:\Github\Latent_Style\Cycle-NCE\ssim-optun-nce\trial_0086\config.trial.json,
2026-02-20 03:51:57,ssim-latent_style_hpo-nce,87,completed,196.441,-2.54050853,1.85590275,0.38153942,236.75957116,41.57198882,112.11358766,590.22774111,50,1,I:\Github\Latent_Style\Cycle-NCE\ssim-optun-nce\trial_0087,I:\Github\Latent_Style\Cycle-NCE\ssim-optun-nce\trial_0087\train.log,I:\Github\Latent_Style\Cycle-NCE\ssim-optun-nce\trial_0087\config.trial.json,
2026-02-20 03:55:25,ssim-latent_style_hpo-nce,88,completed,207.975,-2.86787649,1.79716454,0.34292881,201.52524729,29.74488066,125.05557285,750.56168249,50,1,I:\Github\Latent_Style\Cycle-NCE\ssim-optun-nce\trial_0088,I:\Github\Latent_Style\Cycle-NCE\ssim-optun-nce\trial_0088\train.log,I:\Github\Latent_Style\Cycle-NCE\ssim-optun-nce\trial_0088\config.trial.json,
2026-02-20 03:58:42,ssim-latent_style_hpo-nce,89,completed,196.703,-2.67692543,1.83253408,0.36556086,231.19636405,30.99892928,132.27263115,502.78137779,50,1,I:\Github\Latent_Style\Cycle-NCE\ssim-optun-nce\trial_0089,I:\Github\Latent_Style\Cycle-NCE\ssim-optun-nce\trial_0089\train.log,I:\Github\Latent_Style\Cycle-NCE\ssim-optun-nce\trial_0089\config.trial.json,
2026-02-20 04:01:59,ssim-latent_style_hpo-nce,90,completed,197.294,-2.27817788,1.73441513,0.39562372,244.29168287,51.22642176,140.14377165,636.29259187,50,1,I:\Github\Latent_Style\Cycle-NCE\ssim-optun-nce\trial_0090,I:\Github\Latent_Style\Cycle-NCE\ssim-optun-nce\trial_0090\train.log,I:\Github\Latent_Style\Cycle-NCE\ssim-optun-nce\trial_0090\config.trial.json,
2026-02-20 04:05:16,ssim-latent_style_hpo-nce,91,completed,196.787,-3.11214068,1.82641319,0.32142725,249.06308627,50.12278382,151.10468000,628.49307977,50,1,I:\Github\Latent_Style\Cycle-NCE\ssim-optun-nce\trial_0091,I:\Github\Latent_Style\Cycle-NCE\ssim-optun-nce\trial_0091\train.log,I:\Github\Latent_Style\Cycle-NCE\ssim-optun-nce\trial_0091\config.trial.json,
2026-02-20 04:08:33,ssim-latent_style_hpo-nce,92,completed,197.184,-3.05282967,1.77170604,0.32188764,258.05206582,45.49951449,139.94102182,651.19971441,50,1,I:\Github\Latent_Style\Cycle-NCE\ssim-optun-nce\trial_0092,I:\Github\Latent_Style\Cycle-NCE\ssim-optun-nce\trial_0092\train.log,I:\Github\Latent_Style\Cycle-NCE\ssim-optun-nce\trial_0092\config.trial.json,
2026-02-20 04:11:51,ssim-latent_style_hpo-nce,93,completed,198.038,-2.70334643,1.73385780,0.35305114,242.74405972,55.18315811,162.76950534,684.55697462,50,1,I:\Github\Latent_Style\Cycle-NCE\ssim-optun-nce\trial_0093,I:\Github\Latent_Style\Cycle-NCE\ssim-optun-nce\trial_0093\train.log,I:\Github\Latent_Style\Cycle-NCE\ssim-optun-nce\trial_0093\config.trial.json,
2026-02-20 04:15:08,ssim-latent_style_hpo-nce,94,completed,197.068,-2.24203206,1.70168218,0.39596501,217.74835377,47.10392391,155.00256713,578.53670193,50,1,I:\Github\Latent_Style\Cycle-NCE\ssim-optun-nce\trial_0094,I:\Github\Latent_Style\Cycle-NCE\ssim-optun-nce\trial_0094\train.log,I:\Github\Latent_Style\Cycle-NCE\ssim-optun-nce\trial_0094\config.trial.json,
2026-02-20 04:18:25,ssim-latent_style_hpo-nce,95,completed,196.423,-2.24885526,1.71010156,0.39612463,216.95301145,51.30975084,157.51259551,563.66772981,50,1,I:\Github\Latent_Style\Cycle-NCE\ssim-optun-nce\trial_0095,I:\Github\Latent_Style\Cycle-NCE\ssim-optun-nce\trial_0095\train.log,I:\Github\Latent_Style\Cycle-NCE\ssim-optun-nce\trial_0095\config.trial.json,
2026-02-20 04:21:42,ssim-latent_style_hpo-nce,96,completed,196.650,-2.40984021,1.78684014,0.38769999,218.07560714,48.01502350,152.93884475,606.76217939,50,1,I:\Github\Latent_Style\Cycle-NCE\ssim-optun-nce\trial_0096,I:\Github\Latent_Style\Cycle-NCE\ssim-optun-nce\trial_0096\train.log,I:\Github\Latent_Style\Cycle-NCE\ssim-optun-nce\trial_0096\config.trial.json,
2026-02-20 04:24:59,ssim-latent_style_hpo-nce,97,completed,197.241,-2.51748943,1.81365955,0.37961701,226.32426548,51.11129031,155.29436896,562.13878403,50,1,I:\Github\Latent_Style\Cycle-NCE\ssim-optun-nce\trial_0097,I:\Github\Latent_Style\Cycle-NCE\ssim-optun-nce\trial_0097\train.log,I:\Github\Latent_Style\Cycle-NCE\ssim-optun-nce\trial_0097\config.trial.json,
2026-02-20 04:28:16,ssim-latent_style_hpo-nce,98,completed,196.556,-2.57638480,1.82650704,0.37501222,216.05239304,46.91587081,146.96664229,711.09331715,50,1,I:\Github\Latent_Style\Cycle-NCE\ssim-optun-nce\trial_0098,I:\Github\Latent_Style\Cycle-NCE\ssim-optun-nce\trial_0098\train.log,I:\Github\Latent_Style\Cycle-NCE\ssim-optun-nce\trial_0098\config.trial.json,
2026-02-20 04:31:33,ssim-latent_style_hpo-nce,99,completed,196.901,-2.27284998,1.69471509,0.39218651,222.34238020,52.00416097,161.78568921,637.99749187,50,1,I:\Github\Latent_Style\Cycle-NCE\ssim-optun-nce\trial_0099,I:\Github\Latent_Style\Cycle-NCE\ssim-optun-nce\trial_0099\train.log,I:\Github\Latent_Style\Cycle-NCE\ssim-optun-nce\trial_0099\config.trial.json,
2026-02-20 04:34:50,ssim-latent_style_hpo-nce,100,completed,196.868,-2.32796901,1.71498740,0.38870184,234.89717437,53.33303654,165.73690832,635.78113601,50,1,I:\Github\Latent_Style\Cycle-NCE\ssim-optun-nce\trial_0100,I:\Github\Latent_Style\Cycle-NCE\ssim-optun-nce\trial_0100\train.log,I:\Github\Latent_Style\Cycle-NCE\ssim-optun-nce\trial_0100\config.trial.json,
2026-02-20 04:38:06,ssim-latent_style_hpo-nce,101,completed,196.648,-2.41591854,1.81294517,0.38970266,221.47170756,51.69487781,156.09670434,614.30438998,50,1,I:\Github\Latent_Style\Cycle-NCE\ssim-optun-nce\trial_0101,I:\Github\Latent_Style\Cycle-NCE\ssim-optun-nce\trial_0101\train.log,I:\Github\Latent_Style\Cycle-NCE\ssim-optun-nce\trial_0101\config.trial.json,
2026-02-20 04:41:23,ssim-latent_style_hpo-nce,102,completed,196.626,-2.11484611,1.63794056,0.40230945,230.07120860,49.12567948,141.29628163,664.14100788,50,1,I:\Github\Latent_Style\Cycle-NCE\ssim-optun-nce\trial_0102,I:\Github\Latent_Style\Cycle-NCE\ssim-optun-nce\trial_0102\train.log,I:\Github\Latent_Style\Cycle-NCE\ssim-optun-nce\trial_0102\config.trial.json,
2026-02-20 04:44:40,ssim-latent_style_hpo-nce,103,completed,196.777,-2.35646328,1.76074512,0.39042818,229.66321579,56.44659913,143.51827947,672.59323531,50,1,I:\Github\Latent_Style\Cycle-NCE\ssim-optun-nce\trial_0103,I:\Github\Latent_Style\Cycle-NCE\ssim-optun-nce\trial_0103\train.log,I:\Github\Latent_Style\Cycle-NCE\ssim-optun-nce\trial_0103\config.trial.json,
2026-02-20 04:47:57,ssim-latent_style_hpo-nce,104,completed,197.097,-2.64851078,1.61356007,0.34650493,240.42403861,49.27354341,157.93544419,727.59448140,50,1,I:\Github\Latent_Style\Cycle-NCE\ssim-optun-nce\trial_0104,I:\Github\Latent_Style\Cycle-NCE\ssim-optun-nce\trial_0104\train.log,I:\Github\Latent_Style\Cycle-NCE\ssim-optun-nce\trial_0104\config.trial.json,
2026-02-20 04:51:13,ssim-latent_style_hpo-nce,105,completed,196.190,-2.39381422,1.75558321,0.38617690,225.92901761,50.66531771,138.56981480,658.69016619,50,1,I:\Github\Latent_Style\Cycle-NCE\ssim-optun-nce\trial_0105,I:\Github\Latent_Style\Cycle-NCE\ssim-optun-nce\trial_0105\train.log,I:\Github\Latent_Style\Cycle-NCE\ssim-optun-nce\trial_0105\config.trial.json,
2026-02-20 04:54:32,ssim-latent_style_hpo-nce,106,completed,198.211,-3.35312697,2.07673713,0.32236102,250.41756005,52.31467239,148.48132519,587.22031726,50,1,I:\Github\Latent_Style\Cycle-NCE\ssim-optun-nce\trial_0106,I:\Github\Latent_Style\Cycle-NCE\ssim-optun-nce\trial_0106\train.log,I:\Github\Latent_Style\Cycle-NCE\ssim-optun-nce\trial_0106\config.trial.json,
2026-02-20 04:57:48,ssim-latent_style_hpo-nce,107,completed,196.675,-2.11728777,1.66332062,0.40460329,219.82003555,58.52218020,163.34811867,638.53979933,50,1,I:\Github\Latent_Style\Cycle-NCE\ssim-optun-nce\trial_0107,I:\Github\Latent_Style\Cycle-NCE\ssim-optun-nce\trial_0107\train.log,I:\Github\Latent_Style\Cycle-NCE\ssim-optun-nce\trial_0107\config.trial.json,
2026-02-20 05:01:05,ssim-latent_style_hpo-nce,108,completed,196.751,-2.32638691,1.73866456,0.39122776,218.82948706,59.86927372,161.91971403,777.87037208,50,1,I:\Github\Latent_Style\Cycle-NCE\ssim-optun-nce\trial_0108,I:\Github\Latent_Style\Cycle-NCE\ssim-optun-nce\trial_0108\train.log,I:\Github\Latent_Style\Cycle-NCE\ssim-optun-nce\trial_0108\config.trial.json,
2026-02-20 05:04:22,ssim-latent_style_hpo-nce,109,completed,196.785,-2.33984107,1.72915589,0.38893148,213.13155296,54.02567128,167.58820534,642.53631229,50,1,I:\Github\Latent_Style\Cycle-NCE\ssim-optun-nce\trial_0109,I:\Github\Latent_Style\Cycle-NCE\ssim-optun-nce\trial_0109\train.log,I:\Github\Latent_Style\Cycle-NCE\ssim-optun-nce\trial_0109\config.trial.json,
2026-02-20 05:07:39,ssim-latent_style_hpo-nce,110,completed,196.691,-2.26068239,1.66206095,0.39013786,233.16715696,57.80818079,171.92057790,600.48889216,50,1,I:\Github\Latent_Style\Cycle-NCE\ssim-optun-nce\trial_0110,I:\Github\Latent_Style\Cycle-NCE\ssim-optun-nce\trial_0110\train.log,I:\Github\Latent_Style\Cycle-NCE\ssim-optun-nce\trial_0110\config.trial.json,
2026-02-20 05:10:56,ssim-latent_style_hpo-nce,111,completed,196.678,-2.84807277,1.71862973,0.33705570,246.12961093,55.94790113,184.34373869,698.01673190,50,1,I:\Github\Latent_Style\Cycle-NCE\ssim-optun-nce\trial_0111,I:\Github\Latent_Style\Cycle-NCE\ssim-optun-nce\trial_0111\train.log,I:\Github\Latent_Style\Cycle-NCE\ssim-optun-nce\trial_0111\config.trial.json,
2026-02-20 05:14:12,ssim-latent_style_hpo-nce,112,completed,196.555,-2.33589939,1.70997994,0.38740806,222.77058581,57.92333640,173.51125895,604.68758352,50,1,I:\Github\Latent_Style\Cycle-NCE\ssim-optun-nce\trial_0112,I:\Github\Latent_Style\Cycle-NCE\ssim-optun-nce\trial_0112\train.log,I:\Github\Latent_Style\Cycle-NCE\ssim-optun-nce\trial_0112\config.trial.json,
2026-02-20 05:17:29,ssim-latent_style_hpo-nce,113,completed,196.608,-2.60068082,1.78873929,0.36880585,233.28535322,48.10849671,143.05747136,632.08752380,50,1,I:\Github\Latent_Style\Cycle-NCE\ssim-optun-nce\trial_0113,I:\Github\Latent_Style\Cycle-NCE\ssim-optun-nce\trial_0113\train.log,I:\Github\Latent_Style\Cycle-NCE\ssim-optun-nce\trial_0113\config.trial.json,
2026-02-20 05:20:46,ssim-latent_style_hpo-nce,114,completed,197.014,-2.49973371,1.77169792,0.37719642,229.84877315,43.73515111,164.69326641,577.77297616,50,1,I:\Github\Latent_Style\Cycle-NCE\ssim-optun-nce\trial_0114,I:\Github\Latent_Style\Cycle-NCE\ssim-optun-nce\trial_0114\train.log,I:\Github\Latent_Style\Cycle-NCE\ssim-optun-nce\trial_0114\config.trial.json,
2026-02-20 05:24:04,ssim-latent_style_hpo-nce,115,completed,197.661,-2.25146687,1.66778936,0.39163225,207.28419462,58.63332465,158.83943250,554.47529829,50,1,I:\Github\Latent_Style\Cycle-NCE\ssim-optun-nce\trial_0115,I:\Github\Latent_Style\Cycle-NCE\ssim-optun-nce\trial_0115\train.log,I:\Github\Latent_Style\Cycle-NCE\ssim-optun-nce\trial_0115\config.trial.json,
2026-02-20 05:27:21,ssim-latent_style_hpo-nce,116,completed,197.121,-2.31248307,1.67440800,0.38619249,207.11048601,57.03467004,159.84287902,557.34242045,50,1,I:\Github\Latent_Style\Cycle-NCE\ssim-optun-nce\trial_0116,I:\Github\Latent_Style\Cycle-NCE\ssim-optun-nce\trial_0116\train.log,I:\Github\Latent_Style\Cycle-NCE\ssim-optun-nce\trial_0116\config.trial.json,
2026-02-20 05:30:37,ssim-latent_style_hpo-nce,117,completed,196.460,-2.42583005,1.76809794,0.38422679,202.99130745,45.72083931,155.39181838,595.31440847,50,1,I:\Github\Latent_Style\Cycle-NCE\ssim-optun-nce\trial_0117,I:\Github\Latent_Style\Cycle-NCE\ssim-optun-nce\trial_0117\train.log,I:\Github\Latent_Style\Cycle-NCE\ssim-optun-nce\trial_0117\config.trial.json,
2026-02-20 05:33:54,ssim-latent_style_hpo-nce,118,completed,196.437,-2.18296037,1.65198050,0.39690201,217.72495720,58.41131147,170.86884169,618.45264186,50,1,I:\Github\Latent_Style\Cycle-NCE\ssim-optun-nce\trial_0118,I:\Github\Latent_Style\Cycle-NCE\ssim-optun-nce\trial_0118\train.log,I:\Github\Latent_Style\Cycle-NCE\ssim-optun-nce\trial_0118\config.trial.json,
2026-02-20 05:37:11,ssim-latent_style_hpo-nce,119,completed,196.813,-2.28636134,1.71054250,0.39241812,214.65665343,59.27375466,172.30911972,541.81293220,50,1,I:\Github\Latent_Style\Cycle-NCE\ssim-optun-nce\trial_0119,I:\Github\Latent_Style\Cycle-NCE\ssim-optun-nce\trial_0119\train.log,I:\Github\Latent_Style\Cycle-NCE\ssim-optun-nce\trial_0119\config.trial.json,
2026-02-20 05:40:28,ssim-latent_style_hpo-nce,120,completed,196.997,-2.58993436,1.76334138,0.36734070,224.38130167,55.18952837,169.29081668,386.02571214,50,1,I:\Github\Latent_Style\Cycle-NCE\ssim-optun-nce\trial_0120,I:\Github\Latent_Style\Cycle-NCE\ssim-optun-nce\trial_0120\train.log,I:\Github\Latent_Style\Cycle-NCE\ssim-optun-nce\trial_0120\config.trial.json,
2026-02-20 05:43:44,ssim-latent_style_hpo-nce,121,completed,196.233,-2.39384732,1.79021810,0.38963708,219.77083489,57.18681267,179.71136564,614.90984208,50,1,I:\Github\Latent_Style\Cycle-NCE\ssim-optun-nce\trial_0121,I:\Github\Latent_Style\Cycle-NCE\ssim-optun-nce\trial_0121\train.log,I:\Github\Latent_Style\Cycle-NCE\ssim-optun-nce\trial_0121\config.trial.json,
2026-02-20 05:47:01,ssim-latent_style_hpo-nce,122,completed,196.643,-2.32343728,1.76704620,0.39436089,206.38780274,58.92828312,188.87117565,574.25364473,50,1,I:\Github\Latent_Style\Cycle-NCE\ssim-optun-nce\trial_0122,I:\Github\Latent_Style\Cycle-NCE\ssim-optun-nce\trial_0122\train.log,I:\Github\Latent_Style\Cycle-NCE\ssim-optun-nce\trial_0122\config.trial.json,
2026-02-20 05:50:17,ssim-latent_style_hpo-nce,123,completed,196.417,-2.34546689,1.76348851,0.39180216,209.79983129,49.67426952,150.20319975,594.00598050,50,1,I:\Github\Latent_Style\Cycle-NCE\ssim-optun-nce\trial_0123,I:\Github\Latent_Style\Cycle-NCE\ssim-optun-nce\trial_0123\train.log,I:\Github\Latent_Style\Cycle-NCE\ssim-optun-nce\trial_0123\config.trial.json,
2026-02-20 05:53:34,ssim-latent_style_hpo-nce,124,completed,196.384,-2.55724685,1.77809557,0.37208487,235.91308466,53.43040497,175.57258715,646.58991925,50,1,I:\Github\Latent_Style\Cycle-NCE\ssim-optun-nce\trial_0124,I:\Github\Latent_Style\Cycle-NCE\ssim-optun-nce\trial_0124\train.log,I:\Github\Latent_Style\Cycle-NCE\ssim-optun-nce\trial_0124\config.trial.json,
2026-02-20 05:56:51,ssim-latent_style_hpo-nce,125,completed,196.943,-2.56226951,1.80961655,0.37473470,218.16782338,46.93856028,162.08067176,668.61930241,50,1,I:\Github\Latent_Style\Cycle-NCE\ssim-optun-nce\trial_0125,I:\Github\Latent_Style\Cycle-NCE\ssim-optun-nce\trial_0125\train.log,I:\Github\Latent_Style\Cycle-NCE\ssim-optun-nce\trial_0125\config.trial.json,
2026-02-20 06:00:08,ssim-latent_style_hpo-nce,126,completed,196.873,-2.41370199,1.84511129,0.39314093,227.50968121,58.23130135,158.09543102,630.49567953,50,1,I:\Github\Latent_Style\Cycle-NCE\ssim-optun-nce\trial_0126,I:\Github\Latent_Style\Cycle-NCE\ssim-optun-nce\trial_0126\train.log,I:\Github\Latent_Style\Cycle-NCE\ssim-optun-nce\trial_0126\config.trial.json,
2026-02-20 06:03:25,ssim-latent_style_hpo-nce,127,completed,196.639,-3.11418324,2.26485949,0.36506763,194.37624957,51.90924765,145.54118941,583.93102762,50,1,I:\Github\Latent_Style\Cycle-NCE\ssim-optun-nce\trial_0127,I:\Github\Latent_Style\Cycle-NCE\ssim-optun-nce\trial_0127\train.log,I:\Github\Latent_Style\Cycle-NCE\ssim-optun-nce\trial_0127\config.trial.json,
2026-02-20 06:06:41,ssim-latent_style_hpo-nce,128,completed,196.304,-2.41711309,1.74518509,0.38280720,201.19727402,45.06355546,135.95540382,604.76591194,50,1,I:\Github\Latent_Style\Cycle-NCE\ssim-optun-nce\trial_0128,I:\Github\Latent_Style\Cycle-NCE\ssim-optun-nce\trial_0128\train.log,I:\Github\Latent_Style\Cycle-NCE\ssim-optun-nce\trial_0128\config.trial.json,
2026-02-20 06:09:58,ssim-latent_style_hpo-nce,129,completed,196.849,-2.26014739,1.68535787,0.39252105,212.50766258,48.65720158,170.54766770,549.94023071,50,1,I:\Github\Latent_Style\Cycle-NCE\ssim-optun-nce\trial_0129,I:\Github\Latent_Style\Cycle-NCE\ssim-optun-nce\trial_0129\train.log,I:\Github\Latent_Style\Cycle-NCE\ssim-optun-nce\trial_0129\config.trial.json,
2026-02-20 06:13:15,ssim-latent_style_hpo-nce,130,completed,196.680,-2.24851369,1.67846253,0.39299488,213.33628057,56.00286057,169.60308191,550.99769903,50,1,I:\Github\Latent_Style\Cycle-NCE\ssim-optun-nce\trial_0130,I:\Github\Latent_Style\Cycle-NCE\ssim-optun-nce\trial_0130\train.log,I:\Github\Latent_Style\Cycle-NCE\ssim-optun-nce\trial_0130\config.trial.json,
2026-02-20 06:16:31,ssim-latent_style_hpo-nce,131,completed,196.142,-2.49943723,1.74972269,0.37502855,213.45087219,56.17584914,170.64111034,519.02138690,50,1,I:\Github\Latent_Style\Cycle-NCE\ssim-optun-nce\trial_0131,I:\Github\Latent_Style\Cycle-NCE\ssim-optun-nce\trial_0131\train.log,I:\Github\Latent_Style\Cycle-NCE\ssim-optun-nce\trial_0131\config.trial.json,
2026-02-20 06:19:48,ssim-latent_style_hpo-nce,132,completed,196.613,-2.21514180,1.68002930,0.39648875,208.17449434,48.63379012,167.18117197,543.01849047,50,1,I:\Github\Latent_Style\Cycle-NCE\ssim-optun-nce\trial_0132,I:\Github\Latent_Style\Cycle-NCE\ssim-optun-nce\trial_0132\train.log,I:\Github\Latent_Style\Cycle-NCE\ssim-optun-nce\trial_0132\config.trial.json,
2026-02-20 06:23:04,ssim-latent_style_hpo-nce,133,completed,196.512,-2.76689587,1.65119255,0.33842967,187.58256374,54.18064357,166.50951946,493.07856898,50,1,I:\Github\Latent_Style\Cycle-NCE\ssim-optun-nce\trial_0133,I:\Github\Latent_Style\Cycle-NCE\ssim-optun-nce\trial_0133\train.log,I:\Github\Latent_Style\Cycle-NCE\ssim-optun-nce\trial_0133\config.trial.json,
2026-02-20 06:26:22,ssim-latent_style_hpo-nce,134,completed,197.246,-2.22619661,1.71373746,0.39875409,208.93457157,48.64977779,177.10123645,548.83100819,50,1,I:\Github\Latent_Style\Cycle-NCE\ssim-optun-nce\trial_0134,I:\Github\Latent_Style\Cycle-NCE\ssim-optun-nce\trial_0134\train.log,I:\Github\Latent_Style\Cycle-NCE\ssim-optun-nce\trial_0134\config.trial.json,
2026-02-20 06:29:38,ssim-latent_style_hpo-nce,135,completed,196.485,-2.30060876,1.69374540,0.38931366,207.38762277,48.69917467,176.92416279,531.89607505,50,1,I:\Github\Latent_Style\Cycle-NCE\ssim-optun-nce\trial_0135,I:\Github\Latent_Style\Cycle-NCE\ssim-optun-nce\trial_0135\train.log,I:\Github\Latent_Style\Cycle-NCE\ssim-optun-nce\trial_0135\config.trial.json,
2026-02-20 06:32:55,ssim-latent_style_hpo-nce,136,completed,196.895,-2.21044826,1.66064328,0.39501950,203.37994589,59.95161446,187.56946243,546.79967209,50,1,I:\Github\Latent_Style\Cycle-NCE\ssim-optun-nce\trial_0136,I:\Github\Latent_Style\Cycle-NCE\ssim-optun-nce\trial_0136\train.log,I:\Github\Latent_Style\Cycle-NCE\ssim-optun-nce\trial_0136\config.trial.json,
2026-02-20 06:36:12,ssim-latent_style_hpo-nce,137,completed,196.729,-2.62461194,1.78477018,0.36601582,199.37606381,59.92650177,192.80473603,542.85626085,50,1,I:\Github\Latent_Style\Cycle-NCE\ssim-optun-nce\trial_0137,I:\Github\Latent_Style\Cycle-NCE\ssim-optun-nce\trial_0137\train.log,I:\Github\Latent_Style\Cycle-NCE\ssim-optun-nce\trial_0137\config.trial.json,
2026-02-20 06:39:29,ssim-latent_style_hpo-nce,138,completed,196.898,-2.50871647,1.75559689,0.37468804,203.73245760,47.05558733,183.52508376,553.43053220,50,1,I:\Github\Latent_Style\Cycle-NCE\ssim-optun-nce\trial_0138,I:\Github\Latent_Style\Cycle-NCE\ssim-optun-nce\trial_0138\train.log,I:\Github\Latent_Style\Cycle-NCE\ssim-optun-nce\trial_0138\config.trial.json,
2026-02-20 06:42:46,ssim-latent_style_hpo-nce,139,completed,196.633,-2.53952018,1.73928113,0.36997610,214.55092050,50.12973399,164.37890003,514.88752681,50,1,I:\Github\Latent_Style\Cycle-NCE\ssim-optun-nce\trial_0139,I:\Github\Latent_Style\Cycle-NCE\ssim-optun-nce\trial_0139\train.log,I:\Github\Latent_Style\Cycle-NCE\ssim-optun-nce\trial_0139\config.trial.json,
2026-02-20 06:46:02,ssim-latent_style_hpo-nce,140,completed,196.741,-2.60389107,1.80805089,0.37041598,209.37667269,42.00471010,188.11804846,473.20246703,50,1,I:\Github\Latent_Style\Cycle-NCE\ssim-optun-nce\trial_0140,I:\Github\Latent_Style\Cycle-NCE\ssim-optun-nce\trial_0140\train.log,I:\Github\Latent_Style\Cycle-NCE\ssim-optun-nce\trial_0140\config.trial.json,
2026-02-20 06:49:19,ssim-latent_style_hpo-nce,141,completed,196.767,-2.86664231,2.13189407,0.37652518,191.82960961,49.21583665,197.80103213,548.86993316,50,1,I:\Github\Latent_Style\Cycle-NCE\ssim-optun-nce\trial_0141,I:\Github\Latent_Style\Cycle-NCE\ssim-optun-nce\trial_0141\train.log,I:\Github\Latent_Style\Cycle-NCE\ssim-optun-nce\trial_0141\config.trial.json,
2026-02-20 06:52:36,ssim-latent_style_hpo-nce,142,completed,196.701,-2.50011868,1.62653529,0.36264166,216.42786548,48.46561330,181.20491930,503.47486703,50,1,I:\Github\Latent_Style\Cycle-NCE\ssim-optun-nce\trial_0142,I:\Github\Latent_Style\Cycle-NCE\ssim-optun-nce\trial_0142\train.log,I:\Github\Latent_Style\Cycle-NCE\ssim-optun-nce\trial_0142\config.trial.json,
2026-02-20 06:55:54,ssim-latent_style_hpo-nce,143,completed,198.412,-2.61548841,1.67431866,0.35588303,111.07405570,58.67984091,176.08487022,565.62866177,50,1,I:\Github\Latent_Style\Cycle-NCE\ssim-optun-nce\trial_0143,I:\Github\Latent_Style\Cycle-NCE\ssim-optun-nce\trial_0143\train.log,I:\Github\Latent_Style\Cycle-NCE\ssim-optun-nce\trial_0143\config.trial.json,
2026-02-20 06:59:11,ssim-latent_style_hpo-nce,144,completed,196.815,-2.30749963,1.70209839,0.38945988,211.99592550,57.50154733,171.70855185,576.09842604,50,1,I:\Github\Latent_Style\Cycle-NCE\ssim-optun-nce\trial_0144,I:\Github\Latent_Style\Cycle-NCE\ssim-optun-nce\trial_0144\train.log,I:\Github\Latent_Style\Cycle-NCE\ssim-optun-nce\trial_0144\config.trial.json,
2026-02-20 07:02:28,ssim-latent_style_hpo-nce,145,completed,196.684,-2.35412963,1.66642862,0.38122990,198.27136604,55.79831804,168.35154681,534.80451528,50,1,I:\Github\Latent_Style\Cycle-NCE\ssim-optun-nce\trial_0145,I:\Github\Latent_Style\Cycle-NCE\ssim-optun-nce\trial_0145\train.log,I:\Github\Latent_Style\Cycle-NCE\ssim-optun-nce\trial_0145\config.trial.json,
2026-02-20 07:05:45,ssim-latent_style_hpo-nce,146,completed,196.750,-2.67053199,1.77706985,0.36065379,205.69102691,58.28395597,173.62278158,557.99493085,50,1,I:\Github\Latent_Style\Cycle-NCE\ssim-optun-nce\trial_0146,I:\Github\Latent_Style\Cycle-NCE\ssim-optun-nce\trial_0146\train.log,I:\Github\Latent_Style\Cycle-NCE\ssim-optun-nce\trial_0146\config.trial.json,
2026-02-20 07:09:02,ssim-latent_style_hpo-nce,147,completed,196.823,-2.58266626,1.78672591,0.37040596,223.12215307,54.92108963,154.16823652,524.42699817,50,1,I:\Github\Latent_Style\Cycle-NCE\ssim-optun-nce\trial_0147,I:\Github\Latent_Style\Cycle-NCE\ssim-optun-nce\trial_0147\train.log,I:\Github\Latent_Style\Cycle-NCE\ssim-optun-nce\trial_0147\config.trial.json,
2026-02-20 07:12:19,ssim-latent_style_hpo-nce,148,completed,196.653,-2.24125871,1.75108607,0.40098274,218.92477615,45.95616769,178.52250814,584.95853654,50,1,I:\Github\Latent_Style\Cycle-NCE\ssim-optun-nce\trial_0148,I:\Github\Latent_Style\Cycle-NCE\ssim-optun-nce\trial_0148\train.log,I:\Github\Latent_Style\Cycle-NCE\ssim-optun-nce\trial_0148\config.trial.json,
2026-02-20 07:15:35,ssim-latent_style_hpo-nce,149,completed,196.585,-2.23090053,1.69421123,0.39633107,218.39433406,46.55239998,186.02915924,570.88405926,50,1,I:\Github\Latent_Style\Cycle-NCE\ssim-optun-nce\trial_0149,I:\Github\Latent_Style\Cycle-NCE\ssim-optun-nce\trial_0149\train.log,I:\Github\Latent_Style\Cycle-NCE\ssim-optun-nce\trial_0149\config.trial.json,
2026-02-20 07:18:52,ssim-latent_style_hpo-nce,150,completed,196.642,-2.55547387,1.82438751,0.37689136,127.86323015,43.60416398,191.03365038,578.12677488,50,1,I:\Github\Latent_Style\Cycle-NCE\ssim-optun-nce\trial_0150,I:\Github\Latent_Style\Cycle-NCE\ssim-optun-nce\trial_0150\train.log,I:\Github\Latent_Style\Cycle-NCE\ssim-optun-nce\trial_0150\config.trial.json,
2026-02-20 07:22:09,ssim-latent_style_hpo-nce,151,completed,196.882,-2.61214460,1.57978187,0.34676373,217.66068921,45.67337064,180.37077290,484.47577759,50,1,I:\Github\Latent_Style\Cycle-NCE\ssim-optun-nce\trial_0151,I:\Github\Latent_Style\Cycle-NCE\ssim-optun-nce\trial_0151\train.log,I:\Github\Latent_Style\Cycle-NCE\ssim-optun-nce\trial_0151\config.trial.json,
2026-02-20 07:25:27,ssim-latent_style_hpo-nce,152,completed,198.005,-2.27910350,1.68825513,0.39091516,219.44797869,46.97696664,186.46396612,566.73877952,50,1,I:\Github\Latent_Style\Cycle-NCE\ssim-optun-nce\trial_0152,I:\Github\Latent_Style\Cycle-NCE\ssim-optun-nce\trial_0152\train.log,I:\Github\Latent_Style\Cycle-NCE\ssim-optun-nce\trial_0152\config.trial.json,
2026-02-20 07:28:44,ssim-latent_style_hpo-nce,153,completed,196.623,-2.40259427,1.73133547,0.38287412,226.30433003,46.27655389,159.09108512,612.54246901,50,1,I:\Github\Latent_Style\Cycle-NCE\ssim-optun-nce\trial_0153,I:\Github\Latent_Style\Cycle-NCE\ssim-optun-nce\trial_0153\train.log,I:\Github\Latent_Style\Cycle-NCE\ssim-optun-nce\trial_0153\config.trial.json,
2026-02-20 07:32:00,ssim-latent_style_hpo-nce,154,completed,196.650,-2.64764340,1.76632330,0.36186799,202.70128534,44.88794592,178.53698413,547.33407415,50,1,I:\Github\Latent_Style\Cycle-NCE\ssim-optun-nce\trial_0154,I:\Github\Latent_Style\Cycle-NCE\ssim-optun-nce\trial_0154\train.log,I:\Github\Latent_Style\Cycle-NCE\ssim-optun-nce\trial_0154\config.trial.json,
2026-02-20 07:35:17,ssim-latent_style_hpo-nce,155,completed,196.813,-2.45032915,1.82132747,0.38709983,211.21727918,42.75861081,167.21134495,586.09216316,50,1,I:\Github\Latent_Style\Cycle-NCE\ssim-optun-nce\trial_0155,I:\Github\Latent_Style\Cycle-NCE\ssim-optun-nce\trial_0155\train.log,I:\Github\Latent_Style\Cycle-NCE\ssim-optun-nce\trial_0155\config.trial.json,
2026-02-20 07:38:34,ssim-latent_style_hpo-nce,156,completed,196.495,-2.36542146,1.77884404,0.39134226,215.05693613,48.16854137,176.04824297,537.70861746,50,1,I:\Github\Latent_Style\Cycle-NCE\ssim-optun-nce\trial_0156,I:\Github\Latent_Style\Cycle-NCE\ssim-optun-nce\trial_0156\train.log,I:\Github\Latent_Style\Cycle-NCE\ssim-optun-nce\trial_0156\config.trial.json,
2026-02-20 07:41:51,ssim-latent_style_hpo-nce,157,completed,196.977,-2.26843721,1.67867439,0.39102372,208.27156108,50.13985901,185.75717107,556.77614640,50,1,I:\Github\Latent_Style\Cycle-NCE\ssim-optun-nce\trial_0157,I:\Github\Latent_Style\Cycle-NCE\ssim-optun-nce\trial_0157\train.log,I:\Github\Latent_Style\Cycle-NCE\ssim-optun-nce\trial_0157\config.trial.json,
2026-02-20 07:45:08,ssim-latent_style_hpo-nce,158,completed,196.958,-2.34759694,1.75040529,0.39028083,219.95564679,46.17341744,150.73943376,757.79437699,50,1,I:\Github\Latent_Style\Cycle-NCE\ssim-optun-nce\trial_0158,I:\Github\Latent_Style\Cycle-NCE\ssim-optun-nce\trial_0158\train.log,I:\Github\Latent_Style\Cycle-NCE\ssim-optun-nce\trial_0158\config.trial.json,
2026-02-20 07:48:25,ssim-latent_style_hpo-nce,159,completed,196.649,-2.28953028,1.82857867,0.40390484,146.83085842,44.23938168,194.12281501,572.51649541,50,1,I:\Github\Latent_Style\Cycle-NCE\ssim-optun-nce\trial_0159,I:\Github\Latent_Style\Cycle-NCE\ssim-optun-nce\trial_0159\train.log,I:\Github\Latent_Style\Cycle-NCE\ssim-optun-nce\trial_0159\config.trial.json,
2026-02-20 07:51:41,ssim-latent_style_hpo-nce,160,completed,196.236,-2.55000480,1.75380910,0.37038043,223.96338097,47.45708980,165.20066458,510.79664077,50,1,I:\Github\Latent_Style\Cycle-NCE\ssim-optun-nce\trial_0160,I:\Github\Latent_Style\Cycle-NCE\ssim-optun-nce\trial_0160\train.log,I:\Github\Latent_Style\Cycle-NCE\ssim-optun-nce\trial_0160\config.trial.json,
2026-02-20 07:54:59,ssim-latent_style_hpo-nce,161,completed,197.461,-2.40293543,1.76612111,0.38631857,212.79853729,49.28011887,157.16665491,593.22183286,50,1,I:\Github\Latent_Style\Cycle-NCE\ssim-optun-nce\trial_0161,I:\Github\Latent_Style\Cycle-NCE\ssim-optun-nce\trial_0161\train.log,I:\Github\Latent_Style\Cycle-NCE\ssim-optun-nce\trial_0161\config.trial.json,
2026-02-20 07:58:15,ssim-latent_style_hpo-nce,162,completed,196.597,-2.34322169,1.79060522,0.39473835,205.21649602,50.98454634,160.95371391,619.82621965,50,1,I:\Github\Latent_Style\Cycle-NCE\ssim-optun-nce\trial_0162,I:\Github\Latent_Style\Cycle-NCE\ssim-optun-nce\trial_0162\train.log,I:\Github\Latent_Style\Cycle-NCE\ssim-optun-nce\trial_0162\config.trial.json,
2026-02-20 08:01:32,ssim-latent_style_hpo-nce,163,completed,196.608,-2.54854375,1.75002026,0.37014765,228.65555715,56.88721039,152.89222686,521.80962885,50,1,I:\Github\Latent_Style\Cycle-NCE\ssim-optun-nce\trial_0163,I:\Github\Latent_Style\Cycle-NCE\ssim-optun-nce\trial_0163\train.log,I:\Github\Latent_Style\Cycle-NCE\ssim-optun-nce\trial_0163\config.trial.json,
2026-02-20 08:04:49,ssim-latent_style_hpo-nce,164,completed,196.547,-2.39439996,1.67118798,0.37767880,231.80547405,58.80136271,171.28151360,591.03726822,50,1,I:\Github\Latent_Style\Cycle-NCE\ssim-optun-nce\trial_0164,I:\Github\Latent_Style\Cycle-NCE\ssim-optun-nce\trial_0164\train.log,I:\Github\Latent_Style\Cycle-NCE\ssim-optun-nce\trial_0164\config.trial.json,
2026-02-20 08:08:05,ssim-latent_style_hpo-nce,165,completed,196.708,-3.18799576,1.85667779,0.31686820,100.04119868,12.10363607,169.75386243,562.04675541,50,1,I:\Github\Latent_Style\Cycle-NCE\ssim-optun-nce\trial_0165,I:\Github\Latent_Style\Cycle-NCE\ssim-optun-nce\trial_0165\train.log,I:\Github\Latent_Style\Cycle-NCE\ssim-optun-nce\trial_0165\config.trial.json,
2026-02-20 08:11:22,ssim-latent_style_hpo-nce,166,completed,196.509,-2.42694346,1.80053580,0.38735923,220.01857759,57.61716205,173.85382737,546.79366139,50,1,I:\Github\Latent_Style\Cycle-NCE\ssim-optun-nce\trial_0166,I:\Github\Latent_Style\Cycle-NCE\ssim-optun-nce\trial_0166\train.log,I:\Github\Latent_Style\Cycle-NCE\ssim-optun-nce\trial_0166\config.trial.json,
2026-02-20 08:14:39,ssim-latent_style_hpo-nce,167,completed,196.691,-2.44274419,1.80467451,0.38619303,216.07277820,39.11280959,178.65331517,600.88463706,50,1,I:\Github\Latent_Style\Cycle-NCE\ssim-optun-nce\trial_0167,I:\Github\Latent_Style\Cycle-NCE\ssim-optun-nce\trial_0167\train.log,I:\Github\Latent_Style\Cycle-NCE\ssim-optun-nce\trial_0167\config.trial.json,
2026-02-20 08:17:56,ssim-latent_style_hpo-nce,168,completed,196.750,-2.44031549,1.84045242,0.39001369,209.04012747,48.34206785,165.02035669,578.91673371,50,1,I:\Github\Latent_Style\Cycle-NCE\ssim-optun-nce\trial_0168,I:\Github\Latent_Style\Cycle-NCE\ssim-optun-nce\trial_0168\train.log,I:\Github\Latent_Style\Cycle-NCE\ssim-optun-nce\trial_0168\config.trial.json,
2026-02-20 08:21:12,ssim-latent_style_hpo-nce,169,completed,196.355,-2.41026069,1.72234252,0.38120818,201.61668344,59.89671177,56.55860446,619.33680856,50,1,I:\Github\Latent_Style\Cycle-NCE\ssim-optun-nce\trial_0169,I:\Github\Latent_Style\Cycle-NCE\ssim-optun-nce\trial_0169\train.log,I:\Github\Latent_Style\Cycle-NCE\ssim-optun-nce\trial_0169\config.trial.json,
2026-02-20 08:24:30,ssim-latent_style_hpo-nce,170,completed,197.902,-2.38482205,1.78186829,0.38970462,224.82257851,46.22052216,63.49614657,602.92243760,50,1,I:\Github\Latent_Style\Cycle-NCE\ssim-optun-nce\trial_0170,I:\Github\Latent_Style\Cycle-NCE\ssim-optun-nce\trial_0170\train.log,I:\Github\Latent_Style\Cycle-NCE\ssim-optun-nce\trial_0170\config.trial.json,
2026-02-20 08:27:47,ssim-latent_style_hpo-nce,171,completed,197.077,-3.00379117,2.01627015,0.35124790,195.03002975,47.34216528,182.41655000,566.13514903,50,1,I:\Github\Latent_Style\Cycle-NCE\ssim-optun-nce\trial_0171,I:\Github\Latent_Style\Cycle-NCE\ssim-optun-nce\trial_0171\train.log,I:\Github\Latent_Style\Cycle-NCE\ssim-optun-nce\trial_0171\config.trial.json,
2026-02-20 08:31:08,ssim-latent_style_hpo-nce,172,completed,200.790,-2.63579047,1.75085783,0.36150674,237.47131400,52.97965627,163.04421220,589.86518441,50,1,I:\Github\Latent_Style\Cycle-NCE\ssim-optun-nce\trial_0172,I:\Github\Latent_Style\Cycle-NCE\ssim-optun-nce\trial_0172\train.log,I:\Github\Latent_Style\Cycle-NCE\ssim-optun-nce\trial_0172\config.trial.json,
2026-02-20 08:34:34,ssim-latent_style_hpo-nce,173,completed,205.990,-2.30586524,1.69781982,0.38919546,214.01533933,54.03543735,169.01978336,546.63939299,50,1,I:\Github\Latent_Style\Cycle-NCE\ssim-optun-nce\trial_0173,I:\Github\Latent_Style\Cycle-NCE\ssim-optun-nce\trial_0173\train.log,I:\Github\Latent_Style\Cycle-NCE\ssim-optun-nce\trial_0173\config.trial.json,
2026-02-20 08:38:03,ssim-latent_style_hpo-nce,174,completed,209.078,-2.25452019,1.66274540,0.39082252,206.86376342,50.05985825,186.23728172,554.11824801,50,1,I:\Github\Latent_Style\Cycle-NCE\ssim-optun-nce\trial_0174,I:\Github\Latent_Style\Cycle-NCE\ssim-optun-nce\trial_0174\train.log,I:\Github\Latent_Style\Cycle-NCE\ssim-optun-nce\trial_0174\config.trial.json,
2026-02-20 08:41:33,ssim-latent_style_hpo-nce,175,completed,209.334,-2.39319017,1.79407375,0.39008836,210.72148023,49.95488767,189.99839573,528.54595988,50,1,I:\Github\Latent_Style\Cycle-NCE\ssim-optun-nce\trial_0175,I:\Github\Latent_Style\Cycle-NCE\ssim-optun-nce\trial_0175\train.log,I:\Github\Latent_Style\Cycle-NCE\ssim-optun-nce\trial_0175\config.trial.json,
2026-02-20 08:45:02,ssim-latent_style_hpo-nce,176,completed,209.553,-2.35825839,1.68674922,0.38284908,206.40546764,50.74916947,185.51226292,574.52369409,50,1,I:\Github\Latent_Style\Cycle-NCE\ssim-optun-nce\trial_0176,I:\Github\Latent_Style\Cycle-NCE\ssim-optun-nce\trial_0176\train.log,I:\Github\Latent_Style\Cycle-NCE\ssim-optun-nce\trial_0176\config.trial.json,
2026-02-20 08:48:33,ssim-latent_style_hpo-nce,177,completed,210.220,-2.98760543,1.67721109,0.31896057,199.42771795,48.60159775,174.08391566,187.97601898,50,1,I:\Github\Latent_Style\Cycle-NCE\ssim-optun-nce\trial_0177,I:\Github\Latent_Style\Cycle-NCE\ssim-optun-nce\trial_0177\train.log,I:\Github\Latent_Style\Cycle-NCE\ssim-optun-nce\trial_0177\config.trial.json,
2026-02-20 08:52:05,ssim-latent_style_hpo-nce,178,completed,212.540,-2.38502607,1.80232979,0.39173037,220.71085030,45.21577125,177.57925801,552.34286511,50,1,I:\Github\Latent_Style\Cycle-NCE\ssim-optun-nce\trial_0178,I:\Github\Latent_Style\Cycle-NCE\ssim-optun-nce\trial_0178\train.log,I:\Github\Latent_Style\Cycle-NCE\ssim-optun-nce\trial_0178\config.trial.json,
2026-02-20 08:55:40,ssim-latent_style_hpo-nce,179,completed,214.499,-2.45569487,1.80274086,0.38470460,216.40709276,49.31202566,158.46961589,533.41063972,50,1,I:\Github\Latent_Style\Cycle-NCE\ssim-optun-nce\trial_0179,I:\Github\Latent_Style\Cycle-NCE\ssim-optun-nce\trial_0179\train.log,I:\Github\Latent_Style\Cycle-NCE\ssim-optun-nce\trial_0179\config.trial.json,
2026-02-20 08:59:12,ssim-latent_style_hpo-nce,180,completed,212.386,-2.52061742,1.73636420,0.37157468,229.71296004,56.50705786,181.48397746,581.79835492,50,1,I:\Github\Latent_Style\Cycle-NCE\ssim-optun-nce\trial_0180,I:\Github\Latent_Style\Cycle-NCE\ssim-optun-nce\trial_0180\train.log,I:\Github\Latent_Style\Cycle-NCE\ssim-optun-nce\trial_0180\config.trial.json,
2026-02-20 09:02:45,ssim-latent_style_hpo-nce,181,completed,212.296,-2.47591936,1.74703595,0.37711166,210.75526170,52.01369524,171.51520646,609.53246285,50,1,I:\Github\Latent_Style\Cycle-NCE\ssim-optun-nce\trial_0181,I:\Github\Latent_Style\Cycle-NCE\ssim-optun-nce\trial_0181\train.log,I:\Github\Latent_Style\Cycle-NCE\ssim-optun-nce\trial_0181\config.trial.json,
2026-02-20 09:06:11,ssim-latent_style_hpo-nce,182,completed,206.483,-2.33159039,1.70867795,0.38770876,203.17090113,58.31399508,148.25622742,563.58430982,50,1,I:\Github\Latent_Style\Cycle-NCE\ssim-optun-nce\trial_0182,I:\Github\Latent_Style\Cycle-NCE\ssim-optun-nce\trial_0182\train.log,I:\Github\Latent_Style\Cycle-NCE\ssim-optun-nce\trial_0182\config.trial.json,
2026-02-20 09:09:37,ssim-latent_style_hpo-nce,183,completed,206.023,-2.59546364,1.79040270,0.36949391,217.05941003,47.58783199,195.70042662,597.22276912,50,1,I:\Github\Latent_Style\Cycle-NCE\ssim-optun-nce\trial_0183,I:\Github\Latent_Style\Cycle-NCE\ssim-optun-nce\trial_0183\train.log,I:\Github\Latent_Style\Cycle-NCE\ssim-optun-nce\trial_0183\config.trial.json,
2026-02-20 09:13:04,ssim-latent_style_hpo-nce,184,completed,206.453,-2.23365051,1.63052416,0.38968737,207.53437720,49.89978351,187.16549864,559.15519965,50,1,I:\Github\Latent_Style\Cycle-NCE\ssim-optun-nce\trial_0184,I:\Github\Latent_Style\Cycle-NCE\ssim-optun-nce\trial_0184\train.log,I:\Github\Latent_Style\Cycle-NCE\ssim-optun-nce\trial_0184\config.trial.json,
2026-02-20 09:16:32,ssim-latent_style_hpo-nce,185,completed,207.756,-2.24418658,1.69877048,0.39545839,207.50500071,50.09518044,187.77666090,543.75819033,50,1,I:\Github\Latent_Style\Cycle-NCE\ssim-optun-nce\trial_0185,I:\Github\Latent_Style\Cycle-NCE\ssim-optun-nce\trial_0185\train.log,I:\Github\Latent_Style\Cycle-NCE\ssim-optun-nce\trial_0185\config.trial.json,
2026-02-20 09:20:01,ssim-latent_style_hpo-nce,186,completed,209.148,-2.22315793,1.71707484,0.39939169,205.13797193,50.24106166,189.00307604,541.00379929,50,1,I:\Github\Latent_Style\Cycle-NCE\ssim-optun-nce\trial_0186,I:\Github\Latent_Style\Cycle-NCE\ssim-optun-nce\trial_0186\train.log,I:\Github\Latent_Style\Cycle-NCE\ssim-optun-nce\trial_0186\config.trial.json,
2026-02-20 09:23:31,ssim-latent_style_hpo-nce,187,completed,209.463,-2.30707382,1.55462877,0.37475549,206.12643998,50.07576934,192.01767613,507.92007476,50,1,I:\Github\Latent_Style\Cycle-NCE\ssim-optun-nce\trial_0187,I:\Github\Latent_Style\Cycle-NCE\ssim-optun-nce\trial_0187\train.log,I:\Github\Latent_Style\Cycle-NCE\ssim-optun-nce\trial_0187\config.trial.json,
2026-02-20 09:27:01,ssim-latent_style_hpo-nce,188,completed,210.528,-2.54121127,1.74193728,0.37007260,196.72094757,52.01673797,188.25236167,536.02817500,50,1,I:\Github\Latent_Style\Cycle-NCE\ssim-optun-nce\trial_0188,I:\Github\Latent_Style\Cycle-NCE\ssim-optun-nce\trial_0188\train.log,I:\Github\Latent_Style\Cycle-NCE\ssim-optun-nce\trial_0188\config.trial.json,
2026-02-20 09:30:31,ssim-latent_style_hpo-nce,189,completed,209.963,-2.39695042,1.72393462,0.38269842,201.13573388,50.16725784,198.73145234,569.34840233,50,1,I:\Github\Latent_Style\Cycle-NCE\ssim-optun-nce\trial_0189,I:\Github\Latent_Style\Cycle-NCE\ssim-optun-nce\trial_0189\train.log,I:\Github\Latent_Style\Cycle-NCE\ssim-optun-nce\trial_0189\config.trial.json,
2026-02-20 09:34:04,ssim-latent_style_hpo-nce,190,completed,212.183,-2.25266745,1.67332810,0.39206606,207.43868634,51.10304542,186.84270905,554.37224412,50,1,I:\Github\Latent_Style\Cycle-NCE\ssim-optun-nce\trial_0190,I:\Github\Latent_Style\Cycle-NCE\ssim-optun-nce\trial_0190\train.log,I:\Github\Latent_Style\Cycle-NCE\ssim-optun-nce\trial_0190\config.trial.json,
2026-02-20 09:37:36,ssim-latent_style_hpo-nce,191,completed,212.608,-2.30154854,1.71266785,0.39111193,209.76994710,46.79006931,190.41188276,539.83416155,50,1,I:\Github\Latent_Style\Cycle-NCE\ssim-optun-nce\trial_0191,I:\Github\Latent_Style\Cycle-NCE\ssim-optun-nce\trial_0191\train.log,I:\Github\Latent_Style\Cycle-NCE\ssim-optun-nce\trial_0191\config.trial.json,
2026-02-20 09:41:08,ssim-latent_style_hpo-nce,192,completed,211.459,-3.05890888,2.26133973,0.37024308,183.56753917,51.36686530,195.11388531,563.79375869,50,1,I:\Github\Latent_Style\Cycle-NCE\ssim-optun-nce\trial_0192,I:\Github\Latent_Style\Cycle-NCE\ssim-optun-nce\trial_0192\train.log,I:\Github\Latent_Style\Cycle-NCE\ssim-optun-nce\trial_0192\config.trial.json,
2026-02-20 09:42:57,ssim-latent_style_hpo-nce,193,failed,109.067,,,,192.03431769,49.03970379,182.38529579,517.46200732,50,1,I:\Github\Latent_Style\Cycle-NCE\ssim-optun-nce\trial_0193,I:\Github\Latent_Style\Cycle-NCE\ssim-optun-nce\trial_0193\train.log,I:\Github\Latent_Style\Cycle-NCE\ssim-optun-nce\trial_0193\config.trial.json,"CalledProcessError(4294967295, ['uv', 'run', 'run.py', '--config', 'I:\\Github\\Latent_Style\\Cycle-NCE\\ssim-optun-nce\\trial_0193\\config.trial.json'])"
